,asteroid_full_name,asteroid_id,asteroid_q_function,asteroid_tisserand,cycler_orbit_index,cycler_orbit_q_function,cycler_orbit_tisserand,delta_q_function,delta_tisserand
36417,       (2009 VS),bK09V00S,0.429818920578,2.85225497305,10,0.1701329397,2.85225723988,0.259685980877,2.2668316535e-06
38565,  4581 Asclepius (1989 FC),a0004581,0.21286454521,2.86010156777,11,0.135443868916,2.86006511611,0.0774206762947,3.64516608178e-05
39169,       (2003 UX26),bK03U26X,0.0989988136231,2.86001363684,11,0.135443868916,2.86006511611,0.0364450552927,5.1479265486e-05
38861,408792 (2000 GF2),a0408792,0.333676895981,2.86012052712,11,0.135443868916,2.86006511611,0.198233027065,5.54110072617e-05
40654,       (2012 SJ58),bK12S58J,0.0976967712326,2.86000625146,11,0.135443868916,2.86006511611,0.0377470976833,5.88646466029e-05
40414,       (2011 TJ5),bK11T05J,0.100553653764,2.86019940005,11,0.135443868916,2.86006511611,0.0348902151514,0.000134283938858
41799,       (2015 XT128),bK15XC8T,0.199991160714,2.8602392349,11,0.135443868916,2.86006511611,0.0645472917983,0.000174118791127
36081,       (2007 XA10),bK07X10A,0.347245405345,2.85207128287,10,0.1701329397,2.85225723988,0.177112465645,0.000185957013644
40640,       (2012 QG49),bK12Q49G,0.115261548965,2.8603407916,11,0.135443868916,2.86006511611,0.0201823199513,0.000275675488003
39792,       (2009 CG),bK09C00G,0.783521797775,2.86036314616,11,0.135443868916,2.86006511611,0.648077928859,0.000298030053827
34531,       (2015 GZ12),bK15G12Z,0.220006400328,2.77781942299,9,0.324281927812,2.77813056648,0.104275527484,0.000311143483049
40491,       (2012 BX1),bK12B01X,0.368553716822,2.85975150194,11,0.135443868916,2.86006511611,0.233109847906,0.000313614174053
41674,       (2015 RV36),bK15R36V,2.82734893049,2.85972724615,11,0.135443868916,2.86006511611,2.69190506158,0.000337869959725
36776,       (2011 BU59),bK11B59U,0.11024159627,2.85262650893,10,0.1701329397,2.85225723988,0.0598913434307,0.000369269051904
34743,       (2015 VE65),bK15V65E,0.849984238774,2.77775189799,9,0.324281927812,2.77813056648,0.525702310962,0.000378668491844
42036,       (2016 GF134),bK16GD4F,0.138765608702,2.859674857,11,0.135443868916,2.86006511611,0.00332173978578,0.00039025911006
31809,363024 (1998 OK1),a0363024,0.327057206164,2.77862910246,9,0.324281927812,2.77813056648,0.00277527835181,0.000498535981838
41102,       (2014 HD124),bK14HC4D,0.179992551258,2.86057511982,11,0.135443868916,2.86006511611,0.0445486823421,0.000510003707236
33592,       (2012 KA),bK12K00A,0.24705259407,2.77760458525,9,0.324281927812,2.77813056648,0.0772293337418,0.000525981232911
40576,       (2012 FU62),bK12F62U,0.78239347594,2.85950634129,11,0.135443868916,2.86006511611,0.646949607024,0.000558774819604
41488,       (2015 DV215),bK15DL5V,0.128043277948,2.86065517599,11,0.135443868916,2.86006511611,0.00740059096751,0.000590059877137
33262,       (2011 BH39),bK11B39H,0.240963319237,2.77872992931,9,0.324281927812,2.77813056648,0.083318608575,0.000599362834327
36779,       (2011 CY3),bK11C03Y,0.128785862376,2.85292787015,10,0.1701329397,2.85225723988,0.0413470773247,0.000670630271388
35179,163818 (2003 RX7),a0163818,0.254072514452,2.85296085325,10,0.1701329397,2.85225723988,0.0839395747518,0.00070361336499
39790,       (2009 BD77),bK09B77D,0.203415415242,2.8593398826,11,0.135443868916,2.86006511611,0.0679715463258,0.00072523350654
39795,       (2009 CS1),bK09C01S,0.12449319903,2.86085166809,11,0.135443868916,2.86006511611,0.0109506698857,0.000786551983535
38418,       (2016 CM194),bK16CJ4M,0.111434287169,2.85145826875,10,0.1701329397,2.85225723988,0.058698652531,0.000798971131292
41205,       (2014 MK27),bK14M27K,0.223419772023,2.8592263856,11,0.135443868916,2.86006511611,0.0879759031075,0.000838730513451
36314,       (2009 EF1),bK09E01F,0.105866757181,2.85312488355,10,0.1701329397,2.85225723988,0.0642661825199,0.000867643671943
38521,       (2016 GV1),bK16G01V,0.105225085912,2.85137977769,10,0.1701329397,2.85225723988,0.0649078537888,0.000877462195648
31838,390522 (1996 GD1),a0390522,0.227068658274,2.77724567853,9,0.324281927812,2.77813056648,0.097213269538,0.000884887952939
40317,       (2011 EM40),bK11E40M,0.096488355564,2.8609545692,11,0.135443868916,2.86006511611,0.0389555133519,0.000889453095592
38195,       (2015 TG),bK15T00G,0.613925413573,2.8513661673,10,0.1701329397,2.85225723988,0.443792473872,0.000891072578928
39930,       (2009 WF),bK09W00F,0.288459989226,2.86100497547,11,0.135443868916,2.86006511611,0.15301612031,0.000939859356552
42031,       (2016 GX2),bK16G02X,0.808346084347,2.85912329867,11,0.135443868916,2.86006511611,0.672902215432,0.000941817436944
39286,       (2005 GD60),bK05G60D,0.302997987416,2.85909069115,11,0.135443868916,2.86006511611,0.1675541185,0.000974424960013
35485,       (1998 MW5),bJ98M05W,0.186277562331,2.85123636878,10,0.1701329397,2.85225723988,0.0161446226302,0.00102087109899
38824,367248 (2007 MK13),a0367248,0.839653575084,2.86110141486,11,0.135443868916,2.86006511611,0.704209706169,0.00103629874741
38653,152671 (1998 HL3),a0152671,0.138096554912,2.86115322745,11,0.135443868916,2.86006511611,0.00265268599634,0.00108811133879
39605,       (2008 CQ),bK08C00Q,0.217839943028,2.85895293535,11,0.135443868916,2.86006511611,0.0823960741119,0.00111218075892
40404,       (2011 SC25),bK11S25C,0.574296906748,2.85895128321,11,0.135443868916,2.86006511611,0.438853037832,0.00111383289616
36062,       (2007 VC3),bK07V03C,0.48680781846,2.85113062762,10,0.1701329397,2.85225723988,0.316674878759,0.00112661226421
37299,       (2013 EY27),bK13E27Y,0.21203857572,2.85111340756,10,0.1701329397,2.85225723988,0.0419056360192,0.00114383232716
32558,       (2007 VS6),bK07V06S,0.236352146168,2.77930186336,9,0.324281927812,2.77813056648,0.0879297816437,0.00117129687823
36815,       (2011 EJ47),bK11E47J,0.121405746088,2.85344614116,10,0.1701329397,2.85225723988,0.0487271936126,0.0011889012785
37143,       (2012 SG32),bK12S32G,1.22885934805,2.85351275784,10,0.1701329397,2.85225723988,1.05872640835,0.00125551796098
40451,       (2011 WL2),bK11W02L,0.657031201433,2.85878121043,11,0.135443868916,2.86006511611,0.521587332517,0.00128390567581
35474,       (1996 TD9),bJ96T09D,0.141238647514,2.85358416409,10,0.1701329397,2.85225723988,0.0288942921862,0.00132692420277
41072,       (2014 FV32),bK14F32V,0.170673630501,2.85870998889,11,0.135443868916,2.86006511611,0.0352297615856,0.00135512722408
37464,       (2013 VG13),bK13V13G,0.395702683951,2.85083506049,10,0.1701329397,2.85225723988,0.225569744251,0.00142217939754
41549,       (2015 HM1),bK15H01M,1.34276748615,2.86153809149,11,0.135443868916,2.86006511611,1.20732361724,0.00147297537595
40023,       (2010 FX9),bK10F09X,0.100404756022,2.85853964084,11,0.135443868916,2.86006511611,0.0350391128936,0.00152547526953
33323,       (2011 FC29),bK11F29C,0.196215145033,2.77969169609,9,0.324281927812,2.77813056648,0.128066782779,0.00156112961308
41440,       (2015 BN311),bK15BV1N,0.407451385863,2.86163161951,11,0.135443868916,2.86006511611,0.272007516948,0.00156650340243
35381,420591 (2012 HF31),a0420591,0.132148761493,2.85068853563,10,0.1701329397,2.85225723988,0.0379841782071,0.00156870425775
39452,       (2006 UE64),bK06U64E,0.0990939123439,2.85849033269,11,0.135443868916,2.86006511611,0.036349956572,0.00157478341644
37832,       (2014 UL175),bK14UH5L,0.143086072925,2.85067234292,10,0.1701329397,2.85225723988,0.0270468667758,0.00158489696657
37088,       (2012 HH20),bK12H20H,0.180744763042,2.85059222948,10,0.1701329397,2.85225723988,0.0106118233417,0.00166501039999
41425,       (2015 BF),bK15B00F,0.123932601175,2.85836824933,11,0.135443868916,2.86006511611,0.0115112677406,0.00169686678184
36274,       (2009 BE),bK09B00E,0.104427481314,2.8505516506,10,0.1701329397,2.85225723988,0.0657054583865,0.00170558928293
35074, 13651 (1997 BR),a0013651,0.591943535941,2.85054611274,10,0.1701329397,2.85225723988,0.42181059624,0.00171112714101
37907,       (2015 AF44),bK15A44F,0.108497585067,2.85053467657,10,0.1701329397,2.85225723988,0.0616353546335,0.0017225633134
38081,       (2015 JD1),bK15J01D,1.10468819043,2.85398090411,10,0.1701329397,2.85225723988,0.934555250733,0.00172366422375
38283,       (2015 XZ1),bK15X01Z,0.528258503839,2.85053006146,10,0.1701329397,2.85225723988,0.358125564138,0.00172717841948
37073,       (2012 GE),bK12G00E,0.104487988295,2.85400943406,10,0.1701329397,2.85225723988,0.0656449514055,0.00175219417995
32085,       (2002 JD9),bK02J09D,0.313583671271,2.77988583264,9,0.324281927812,2.77813056648,0.0106982565415,0.00175526616644
41426,       (2015 BQ),bK15B00Q,0.413200476008,2.85830587325,11,0.135443868916,2.86006511611,0.277756607093,0.00175924286417
39100,       (2002 LR24),bK02L24R,0.806237239989,2.85829306683,11,0.135443868916,2.86006511611,0.670793371074,0.00177204928342
36370,       (2009 SL),bK09S00L,1.65393721752,2.85403103158,10,0.1701329397,2.85225723988,1.48380427782,0.00177379170077
40962,       (2013 VQ4),bK13V04Q,0.931782896102,2.86187455654,11,0.135443868916,2.86006511611,0.796339027186,0.00180944043414
36526,       (2010 GL23),bK10G23L,0.227249162452,2.85044278418,10,0.1701329397,2.85225723988,0.0571162227519,0.0018144557017
36075,       (2007 WJ3),bK07W03J,0.154261964963,2.8540730311,10,0.1701329397,2.85225723988,0.0158709747379,0.00181579121512
40963,       (2013 VW4),bK13V04W,0.186167882747,2.86195654906,11,0.135443868916,2.86006511611,0.050724013831,0.00189143295562
35550,       (2001 ND13),bK01N13D,0.384770123462,2.85033943018,10,0.1701329397,2.85225723988,0.214637183762,0.00191780970499
37609,       (2014 HR184),bK14HI4R,0.521698038641,2.8542025199,10,0.1701329397,2.85225723988,0.351565098941,0.0019452800163
40645,       (2012 SZ2),bK12S02Z,1.14302400472,2.86204865254,11,0.135443868916,2.86006511611,1.00758013581,0.001983536434
35630,       (2003 DH6),bK03D06H,0.27590078274,2.85429334147,10,0.1701329397,2.85225723988,0.105767843039,0.0020361015917
31830,380476 (2003 YO1),a0380476,0.370300772026,2.77608826271,9,0.324281927812,2.77813056648,0.0460188442136,0.00204230376523
37558,       (2014 EH24),bK14E24H,0.141218546456,2.85431738819,10,0.1701329397,2.85225723988,0.0289143932447,0.00206014830212
35745,       (2004 VB),bK04V00B,0.126900599031,2.85018780784,10,0.1701329397,2.85225723988,0.0432323406691,0.00206943203914
36024,       (2007 NL1),bK07N01L,0.676355133079,2.85017817398,10,0.1701329397,2.85225723988,0.506222193379,0.00207906590716
37669,       (2014 JW79),bK14J79W,0.116320415713,2.85014798507,10,0.1701329397,2.85225723988,0.0538125239872,0.0021092548126
37303,       (2013 EH89),bK13E89H,0.17940034651,2.85014751087,10,0.1701329397,2.85225723988,0.0092674068094,0.00210972901545
40184,       (2010 VR),bK10V00R,1.00551137257,2.86217956722,11,0.135443868916,2.86006511611,0.870067503654,0.00211445111481
35945,       (2006 UE17),bK06U17E,0.128643615474,2.85013982509,10,0.1701329397,2.85225723988,0.0414893242261,0.00211741478995
36437,       (2009 WV25),bK09W25V,0.0977411298195,2.85441684606,10,0.1701329397,2.85225723988,0.0723918098809,0.00215960617497
40904,       (2013 RO9),bK13R09O,0.349692570278,2.86226326123,11,0.135443868916,2.86006511611,0.214248701362,0.00219814511992
35738,       (2004 TP1),bK04T01P,0.102203136242,2.85004730569,10,0.1701329397,2.85225723988,0.0679298034589,0.00220993419234
37463,       (2013 VA12),bK13V12A,0.105526837768,2.85447446759,10,0.1701329397,2.85225723988,0.0646061019327,0.00221722770892
40454,       (2011 WP4),bK11W04P,0.0953974793759,2.8578358462,11,0.135443868916,2.86006511611,0.0400463895399,0.00222926990976
34943,       (2016 EB1),bK16E01B,0.136751932152,2.78037511949,9,0.324281927812,2.77813056648,0.18752999566,0.00224455301348
41162,       (2014 JY30),bK14J30Y,0.0954621044712,2.85780431356,11,0.135443868916,2.86006511611,0.0399817644447,0.00226080255036
39147,       (2003 MS2),bK03M02S,0.936666964396,2.86245653775,11,0.135443868916,2.86006511611,0.80122309548,0.00239142164379
38006,       (2015 FK35),bK15F35K,0.0991929637117,2.84985166528,10,0.1701329397,2.85225723988,0.0709399759888,0.00240557460761
38738,264993 (2003 DX10),a0264993,0.101215613074,2.86249394388,11,0.135443868916,2.86006511611,0.0342282558414,0.00242882777452
40474,       (2011 YC40),bK11Y40C,0.127656998212,2.85762619691,11,0.135443868916,2.86006511611,0.00778687070422,0.00243891919439
37075,       (2012 GC2),bK12G02C,0.393781771554,2.8497705325,10,0.1701329397,2.85225723988,0.223648831854,0.0024867073875
40048,       (2010 HG20),bK10H20G,0.311558273741,2.85755565631,11,0.135443868916,2.86006511611,0.176114404825,0.00250945980352
35254,303262 (2004 RJ84),a0303262,0.204857748175,2.84968233018,10,0.1701329397,2.85225723988,0.0347248084749,0.00257490970103
37288,       (2013 ET),bK13E00T,0.161619768964,2.84962083159,10,0.1701329397,2.85225723988,0.00851317073683,0.00263640828833
38666,162082 (1998 HL1),a0162082,1.49658537383,2.8627855205,11,0.135443868916,2.86006511611,1.36114150492,0.00272040439337
38957,461353 (1999 LS7),a0461353,0.434512559056,2.85732254424,11,0.135443868916,2.86006511611,0.29906869014,0.00274257187317
40213,       (2010 WC3),bK10W03C,0.424194205597,2.86282807846,11,0.135443868916,2.86006511611,0.288750336681,0.00276296234875
35042,       (2016 GA221),bK16GM1A,0.221038552096,2.77532475302,9,0.324281927812,2.77813056648,0.103243375716,0.00280581345569
39485,       (2007 BD8),bK07B08D,0.0990076316257,2.86287179507,11,0.135443868916,2.86006511611,0.0364362372901,0.0028066789621
36260,       (2008 XB2),bK08X02B,0.10402237318,2.85511328297,10,0.1701329397,2.85225723988,0.0661105665208,0.00285604308433
41472,       (2015 DY53),bK15D53Y,0.142265529587,2.86294062072,11,0.135443868916,2.86006511611,0.00682166067098,0.00287550460958
40480,       (2012 AW),bK12A00W,0.330046542783,2.86296228886,11,0.135443868916,2.86006511611,0.194602673867,0.00289717274831
39549,       (2007 TL16),bK07T16L,0.105179803646,2.86297003544,11,0.135443868916,2.86006511611,0.0302640652703,0.0029049193336
36196,       (2008 SJ148),bK08SE8J,0.111620008449,2.85517304691,10,0.1701329397,2.85225723988,0.0585129312516,0.00291580702932
39907,       (2009 UU1),bK09U01U,0.116863812041,2.85714926989,11,0.135443868916,2.86006511611,0.0185800568751,0.00291584621698
32889,       (2009 TQ8),bK09T08Q,0.149935385597,2.7751865033,9,0.324281927812,2.77813056648,0.174346542215,0.00294406317669
38837,375657 (2009 CP5),a0375657,0.119479589534,2.86303325446,11,0.135443868916,2.86006511611,0.015964279382,0.0029681383503
38784,331990 (2005 FD),a0331990,0.0984862373212,2.86304048977,11,0.135443868916,2.86006511611,0.0369576315947,0.00297537366451
37862,       (2014 WA201),bK14WK1A,0.10463066346,2.85526219872,10,0.1701329397,2.85225723988,0.0655022762403,0.00300495883912
39258,       (2004 YG1),bK04Y01G,0.760051824616,2.85704730823,11,0.135443868916,2.86006511611,0.6246079557,0.00301780787912
37308,       (2013 EX89),bK13E89X,0.110293641262,2.8552944082,10,0.1701329397,2.85225723988,0.0598392984383,0.00303716831773
36253,       (2008 WH96),bK08W96H,0.118922971623,2.85531810758,10,0.1701329397,2.85225723988,0.051209968077,0.00306086769278
40598,       (2012 HA34),bK12H34A,0.131357589896,2.85696398599,11,0.135443868916,2.86006511611,0.00408627902012,0.00310113011553
37863,       (2014 WC201),bK14WK1C,0.10458098939,2.84914866495,10,0.1701329397,2.85225723988,0.0655519503106,0.00310857493186
40456,       (2011 WL15),bK11W15L,0.501321820092,2.85695093595,11,0.135443868916,2.86006511611,0.365877951177,0.0031141801604
37528,       (2014 BX32),bK14B32X,0.163645328209,2.84911995285,10,0.1701329397,2.85225723988,0.00648761149164,0.00313728702814
41705,       (2015 TK21),bK15T21K,0.090438581261,2.86321157779,11,0.135443868916,2.86006511611,0.0450052876549,0.00314646167588
41209,       (2014 MY67),bK14M67Y,0.113788975506,2.86323120892,11,0.135443868916,2.86006511611,0.0216548934099,0.00316609281509
41278,       (2014 SQ143),bK14SE3Q,0.147636529982,2.86323634318,11,0.135443868916,2.86006511611,0.0121926610658,0.00317122707432
37038,       (2012 ER3),bK12E03R,0.410926109156,2.84908366986,10,0.1701329397,2.85225723988,0.240793169455,0.00317357001854
41979,       (2016 EU155),bK16EF5U,0.275943066604,2.8568625314,11,0.135443868916,2.86006511611,0.140499197688,0.00320258470467
38172,       (2015 RK82),bK15R82K,0.160513215872,2.84905214358,10,0.1701329397,2.85225723988,0.0096197238282,0.00320509630681
40309,       (2011 EY11),bK11E11Y,0.10246973802,2.8568281868,11,0.135443868916,2.86006511611,0.0329741308961,0.00323692930588
36382,       (2009 SR171),bK09SH1R,0.132518380108,2.85553009167,10,0.1701329397,2.85225723988,0.0376145595924,0.00327285178328
36297,       (2009 DQ4),bK09D04Q,0.673480094029,2.84893638554,10,0.1701329397,2.85225723988,0.503347154329,0.00332085433889
40637,       (2012 QM14),bK12Q14M,0.0943053324138,2.85673742499,11,0.135443868916,2.86006511611,0.041138536502,0.00332769112254
35051,  1620 Geographos (1951 RA),a0001620,0.118625237324,2.84888488701,10,0.1701329397,2.85225723988,0.051507702376,0.00337235287194
36320,       (2009 FJ1),bK09F01J,0.173898841427,2.84886312256,10,0.1701329397,2.85225723988,0.00376590172614,0.00339411731845
38905,434196 (2003 HG2),a0434196,1.71052565293,2.86346955962,11,0.135443868916,2.86006511611,1.57508178401,0.00340444351496
38131,       (2015 OO),bK15O00O,0.195583038666,2.85568630391,10,0.1701329397,2.85225723988,0.0254500989659,0.00342906402278
41260,       (2014 RJ),bK14R00J,1.78647449405,2.86355890608,11,0.135443868916,2.86006511611,1.65103062513,0.00349378996813
40018,       (2010 FD6),bK10F06D,0.0990986264673,2.85653920654,11,0.135443868916,2.86006511611,0.0363452424486,0.0035259095743
40355,       (2011 HC36),bK11H36C,0.522402485588,2.86362106412,11,0.135443868916,2.86006511611,0.386958616672,0.00355594801505
40306,       (2011 EW4),bK11E04W,0.102564490613,2.86363073418,11,0.135443868916,2.86006511611,0.0328793783031,0.00356561807439
39717,       (2008 TP26),bK08T26P,0.132905944516,2.86363685645,11,0.135443868916,2.86006511611,0.0025379243997,0.00357174034079
32555,       (2007 UK40),bK07U40K,0.191707534322,2.77449077044,9,0.324281927812,2.77813056648,0.13257439349,0.00363979603685
40513,       (2012 CO36),bK12C36O,0.140636310982,2.86371299851,11,0.135443868916,2.86006511611,0.00519244206571,0.00364788239819
41858,       (2016 AY64),bK16A64Y,0.109908106675,2.85640859348,11,0.135443868916,2.86006511611,0.0255357622412,0.00365652262716
38725,238456 (2004 RK),a0238456,1.05817247638,2.85639678748,11,0.135443868916,2.86006511611,0.922728607464,0.00366832863167
36980,       (2012 AW10),bK12A10W,0.151474937149,2.85593354996,10,0.1701329397,2.85225723988,0.0186580025515,0.00367631008028
38571,  7350 (1993 VA),a0007350,0.223041410759,2.8637457817,11,0.135443868916,2.86006511611,0.0875975418436,0.00368066558688
37809,       (2014 UT33),bK14U33T,0.10486048377,2.8559617154,10,0.1701329397,2.85225723988,0.0652724559305,0.00370447551857
37680,       (2014 KZ45),bK14K45Z,0.337286588406,2.84851112868,10,0.1701329397,2.85225723988,0.167153648705,0.00374611120757
37566,       (2014 FS32),bK14F32S,0.113512842664,2.85606875551,10,0.1701329397,2.85225723988,0.0566200970365,0.00381151562506
40308,       (2011 EO11),bK11E11O,0.110098061366,2.86390912936,11,0.135443868916,2.86006511611,0.02534580755,0.00384401324647
35651,       (2003 QW30),bK03Q30W,0.576862736989,2.84839172066,10,0.1701329397,2.85225723988,0.406729797288,0.00386551922443
38256,       (2015 VN105),bK15VA5N,0.247404546539,2.85612380846,10,0.1701329397,2.85225723988,0.0772716068383,0.00386656858013
35077, 17511 (1992 QN),a0017511,0.132961071128,2.84832359266,10,0.1701329397,2.85225723988,0.0371718685729,0.00393364722328
41761,       (2015 VN105),bK15VA5N,0.247404546539,2.85612380846,11,0.135443868916,2.86006511611,0.111960677623,0.00394130764626
38709,194006 (2001 SG10),a0194006,0.132131321298,2.86400841609,11,0.135443868916,2.86006511611,0.00331254761753,0.00394329998191
41071,       (2014 FS32),bK14F32S,0.113512842664,2.85606875551,11,0.135443868916,2.86006511611,0.0219310262519,0.00399636060133
35489,       (1998 UY24),bJ98U24Y,0.157993771998,2.84817809593,10,0.1701329397,2.85225723988,0.0121391677026,0.00407914394967
41314,       (2014 UT33),bK14U33T,0.10486048377,2.8559617154,11,0.135443868916,2.86006511611,0.0305833851459,0.00410340070782
40485,       (2012 AW10),bK12A10W,0.151474937149,2.85593354996,11,0.135443868916,2.86006511611,0.0160310682331,0.00413156614611
35220,238456 (2004 RK),a0238456,1.05817247638,2.85639678748,10,0.1701329397,2.85225723988,0.888039536679,0.00413954759472
38353,       (2016 AY64),bK16A64Y,0.109908106675,2.85640859348,10,0.1701329397,2.85225723988,0.0602248330258,0.00415135359923
40928,       (2013 TG),bK13T00G,0.0963564065767,2.86422482544,11,0.135443868916,2.86006511611,0.0390874623392,0.0041597093348
36153,       (2008 GY21),bK08G21Y,0.127566897494,2.84809580406,10,0.1701329397,2.85225723988,0.0425660422066,0.00416143582428
41882,       (2016 AN165),bK16AG5N,0.220863642229,2.86426024852,11,0.135443868916,2.86006511611,0.0854197733133,0.00419513241136
36513,       (2010 FD6),bK10F06D,0.0990986264673,2.85653920654,10,0.1701329397,2.85225723988,0.0710343132332,0.00428196665208
39048,       (2001 FC58),bK01F58C,0.284359561918,2.86435291192,11,0.135443868916,2.86006511611,0.148915693002,0.00428779580836
34891,       (2016 CL29),bK16C29L,0.734684250161,2.78246840664,9,0.324281927812,2.77813056648,0.410402322349,0.00433784016593
41636,       (2015 OO),bK15O00O,0.195583038666,2.85568630391,11,0.135443868916,2.86006511611,0.0601391697505,0.0043788122036
36089,       (2007 YN56),bK07Y56N,0.276936816139,2.8478304056,10,0.1701329397,2.85225723988,0.106803876438,0.0044268342836
37132,       (2012 QM14),bK12Q14M,0.0943053324138,2.85673742499,10,0.1701329397,2.85225723988,0.0758276072866,0.00448018510385
39887,       (2009 SR171),bK09SH1R,0.132518380108,2.85553009167,11,0.135443868916,2.86006511611,0.0029254888078,0.00453502444311
36804,       (2011 EY11),bK11E11Y,0.10246973802,2.8568281868,10,0.1701329397,2.85225723988,0.0676632016807,0.00457094692051
37883,       (2014 WO371),bK14Wb1O,0.160466562733,2.84768383139,10,0.1701329397,2.85225723988,0.00966637696702,0.00457340848834
38474,       (2016 EU155),bK16EF5U,0.275943066604,2.8568625314,10,0.1701329397,2.85225723988,0.105810126903,0.00460529152172
37708,       (2014 NA39),bK14N39A,0.599121683793,2.84765175839,10,0.1701329397,2.85225723988,0.428988744092,0.00460548149151
33562,       (2012 FD58),bK12F58D,0.917259815993,2.77347951153,9,0.324281927812,2.77813056648,0.592977888181,0.00465105494672
36951,       (2011 WL15),bK11W15L,0.501321820092,2.85695093595,10,0.1701329397,2.85225723988,0.331188880392,0.00469369606599
37093,       (2012 HA34),bK12H34A,0.131357589896,2.85696398599,10,0.1701329397,2.85225723988,0.0387753498047,0.00470674611086
38793,334673 (2003 AL18),a0334673,0.145829996769,2.86478626098,11,0.135443868916,2.86006511611,0.0103861278533,0.00472114486701
40983,       (2013 WP67),bK13W67P,0.663012426941,2.86478890031,11,0.135443868916,2.86006511611,0.527568558025,0.00472378419575
39758,       (2008 WH96),bK08W96H,0.118922971623,2.85531810758,11,0.135443868916,2.86006511611,0.0165208972924,0.0047470085336
41571,       (2015 HB177),bK15HH7B,0.119797350157,2.86482399184,11,0.135443868916,2.86006511611,0.0156465187587,0.00475887573503
40813,       (2013 EX89),bK13E89X,0.110293641262,2.8552944082,11,0.135443868916,2.86006511611,0.0251502276537,0.00477070790865
35753,       (2004 YG1),bK04Y01G,0.760051824616,2.85704730823,10,0.1701329397,2.85225723988,0.589918884915,0.00479006834727
41367,       (2014 WA201),bK14WK1A,0.10463066346,2.85526219872,11,0.135443868916,2.86006511611,0.0308132054557,0.00480291738727
36322,       (2009 FZ4),bK09F04Z,0.0991571343429,2.84741960732,10,0.1701329397,2.85225723988,0.0709758053576,0.00483763256738
41507,       (2015 FN34),bK15F34N,0.395489358243,2.86493896219,11,0.135443868916,2.86006511611,0.260045489327,0.00487384607873
36402,       (2009 UU1),bK09U01U,0.116863812041,2.85714926989,10,0.1701329397,2.85225723988,0.0532691276598,0.00489203000941
39701,       (2008 SJ148),bK08SE8J,0.111620008449,2.85517304691,11,0.135443868916,2.86006511611,0.023823860467,0.00489206919707
40549,       (2012 EN10),bK12E10N,0.394293428755,2.8650079153,11,0.135443868916,2.86006511611,0.258849559839,0.0049427991868
39765,       (2008 XB2),bK08X02B,0.10402237318,2.85511328297,11,0.135443868916,2.86006511611,0.0314214957362,0.00495183314206
38670,162181 (1999 LF6),a0162181,1.08628780531,2.86504318591,11,0.135443868916,2.86006511611,0.95084393639,0.00497806980222
35452,461353 (1999 LS7),a0461353,0.434512559056,2.85732254424,10,0.1701329397,2.85225723988,0.264379619355,0.00506530435322
38686,164120 (2003 YK),a0164120,0.146427287051,2.86520970912,11,0.135443868916,2.86006511611,0.0109834181352,0.00514459300899
34261,       (2014 SG1),bK14S01G,0.716267792563,2.78328672071,9,0.324281927812,2.77813056648,0.391985864751,0.00515615423209
35054,  2063 Bacchus (1977 HB),a0002063,0.141283711104,2.84704802131,10,0.1701329397,2.85225723988,0.0288492285962,0.0052092185747
36197,       (2008 SX148),bK08SE8X,0.135154734318,2.84703041844,10,0.1701329397,2.85225723988,0.0349782053826,0.00522682144009
41217,       (2014 NG65),bK14N65G,0.155165827432,2.86534852636,11,0.135443868916,2.86006511611,0.0197219585158,0.00528341025221
36543,       (2010 HG20),bK10H20G,0.311558273741,2.85755565631,10,0.1701329397,2.85225723988,0.14142533404,0.00529841642286
36159,       (2008 HD2),bK08H02D,0.105456180218,2.84694379387,10,0.1701329397,2.85225723988,0.0646767594821,0.0053134460087
31731,267136 (2000 EF104),a0267136,0.294989748164,2.78344457823,9,0.324281927812,2.77813056648,0.0292921796482,0.00531401175353
36969,       (2011 YC40),bK11Y40C,0.127656998212,2.85762619691,10,0.1701329397,2.85225723988,0.0424759414888,0.005368957032
32933,       (2009 WV51),bK09W51V,0.171933948548,2.78356793628,9,0.324281927812,2.77813056648,0.152347979264,0.00543736980153
38984,       (1998 EP4),bJ98E04P,0.0992662686021,2.8655425905,11,0.135443868916,2.86006511611,0.0361776003137,0.00547747439053
37397,       (2013 RC6),bK13R06C,0.92822093912,2.84677820267,10,0.1701329397,2.85225723988,0.758087999419,0.00547903721302
39490,       (2007 CB19),bK07C19B,0.581967082212,2.86554699305,11,0.135443868916,2.86006511611,0.446523213296,0.0054818769453
38966,       (1992 BC),bJ92B00C,0.352146884354,2.86555595495,11,0.135443868916,2.86006511611,0.216703015438,0.0054908388409
32894,       (2009 UL),bK09U00L,0.678351200162,2.77263397312,9,0.324281927812,2.77813056648,0.35406927235,0.00549659335705
35171,162922 (2001 OY13),a0162922,0.155799623964,2.8467474623,10,0.1701329397,2.85225723988,0.0143333157362,0.0055097775814
37657,       (2014 JY30),bK14J30Y,0.0954621044712,2.85780431356,10,0.1701329397,2.85225723988,0.0746708352293,0.00554707367603
36949,       (2011 WP4),bK11W04P,0.0953974793759,2.8578358462,10,0.1701329397,2.85225723988,0.0747354603245,0.00557860631663
40936,       (2013 TV5),bK13T05V,0.148396709238,2.86564575276,11,0.135443868916,2.86006511611,0.012952840322,0.00558063664892
37648,       (2014 JQ2),bK14J02Q,0.171007513315,2.84666788338,10,0.1701329397,2.85225723988,0.000874573614669,0.00558935650609
40968,       (2013 VA12),bK13V12A,0.105526837768,2.85447446759,11,0.135443868916,2.86006511611,0.029917031148,0.00559064851747
37887,       (2014 XC8),bK14X08C,0.11508941894,2.84666489114,10,0.1701329397,2.85225723988,0.055043520761,0.00559234874715
39407,       (2006 HJ18),bK06H18J,0.229510235383,2.86566368652,11,0.135443868916,2.86006511611,0.094066366467,0.00559857040618
39942,       (2009 WV25),bK09W25V,0.0977411298195,2.85441684606,11,0.135443868916,2.86006511611,0.0377027390963,0.00564827005142
36585,       (2010 MH1),bK10M01H,0.5653778789,2.8465907131,10,0.1701329397,2.85225723988,0.395244939199,0.00566652678074
34958,       (2016 EL84),bK16E84L,0.205077448043,2.77243290908,9,0.324281927812,2.77813056648,0.119204479769,0.00569765739852
41063,       (2014 EH24),bK14E24H,0.141218546456,2.85431738819,11,0.135443868916,2.86006511611,0.00577467753987,0.00574772792427
39135,       (2003 DH6),bK03D06H,0.27590078274,2.85429334147,11,0.135443868916,2.86006511611,0.140456913824,0.00577177463468
35328,373579 (2002 AW11),a0373579,0.366890120984,2.84647798992,10,0.1701329397,2.85225723988,0.196757181283,0.00577924995815
39090,       (2002 FD6),bK02F06D,0.0968554922944,2.86589111194,11,0.135443868916,2.86006511611,0.0385883766215,0.00582599583206
41114,       (2014 HR184),bK14HI4R,0.521698038641,2.8542025199,11,0.135443868916,2.86006511611,0.386254169726,0.00586259621009
32955,       (2010 AO2),bK10A02O,0.595424740771,2.77220925612,9,0.324281927812,2.77813056648,0.271142812959,0.00592131035315
39580,       (2007 WJ3),bK07W03J,0.154261964963,2.8540730311,11,0.135443868916,2.86006511611,0.0188180960468,0.00599208501127
39875,       (2009 SL),bK09S00L,1.65393721752,2.85403103158,11,0.135443868916,2.86006511611,1.5184933486,0.00603408452561
35595,       (2002 LR24),bK02L24R,0.806237239989,2.85829306683,10,0.1701329397,2.85225723988,0.636104300289,0.00603582694297
39770,       (2008 YQ27),bK08Y27Q,0.359764185661,2.866103441,11,0.135443868916,2.86006511611,0.224320316745,0.00603832489211
31718,250697 (2005 QY151),a0250697,0.147318436844,2.78416896111,9,0.324281927812,2.77813056648,0.176963490968,0.00603839463682
37921,       (2015 BQ),bK15B00Q,0.413200476008,2.85830587325,10,0.1701329397,2.85225723988,0.243067536308,0.00604863336222
40578,       (2012 GE),bK12G00E,0.104487988295,2.85400943406,11,0.135443868916,2.86006511611,0.0309558806209,0.00605568204644
41586,       (2015 JD1),bK15J01D,1.10468819043,2.85398090411,11,0.135443868916,2.86006511611,0.969244321518,0.00608421200264
37920,       (2015 BF),bK15B00F,0.123932601175,2.85836824933,10,0.1701329397,2.85225723988,0.0462003385253,0.00611100944455
38644,138971 (2001 CB21),a0138971,0.116738149958,2.8661909803,11,0.135443868916,2.86006511611,0.018705718958,0.00612586419198
35174,163026 (2001 XR30),a0163026,0.268497654757,2.84610257297,10,0.1701329397,2.85225723988,0.0983647150566,0.00615466691057
32930,       (2009 WD11),bK09W11D,0.253272647895,2.78431829312,9,0.324281927812,2.77813056648,0.0710092799166,0.00618772664399
36069,       (2007 VF184),bK07VI4F,0.93994486054,2.84604540295,10,0.1701329397,2.85225723988,0.769811920839,0.00621183693039
35947,       (2006 UE64),bK06U64E,0.0990939123439,2.85849033269,10,0.1701329397,2.85225723988,0.0710390273566,0.00623309280995
34461,       (2015 DS53),bK15D53S,0.197551129527,2.78439318059,9,0.324281927812,2.77813056648,0.126730798285,0.00626261411139
36518,       (2010 FX9),bK10F09X,0.100404756022,2.85853964084,10,0.1701329397,2.85225723988,0.0697281836782,0.00628240095686
31886,429736 (2011 MB2),a0429736,0.314044081926,2.77177521902,9,0.324281927812,2.77813056648,0.0102378458865,0.00635534746173
38201,       (2015 TM21),bK15T21M,0.166815094142,2.84589244258,10,0.1701329397,2.85225723988,0.00331784555894,0.00636479730162
39045,       (2001 DG47),bK01D47G,0.693078822581,2.86645079052,11,0.135443868916,2.86006511611,0.557634953665,0.00638567440899
39132,       (2003 BM4),bK03B04M,0.238041926018,2.86647070823,11,0.135443868916,2.86006511611,0.102598057102,0.00640559212281
36286,       (2009 BE81),bK09B81E,0.718368741052,2.84585008566,10,0.1701329397,2.85225723988,0.548235801352,0.00640715422459
38429,       (2016 CB248),bK16CO8B,0.235135591139,2.8458052575,10,0.1701329397,2.85225723988,0.0650026514382,0.00645198238237
37567,       (2014 FV32),bK14F32V,0.170673630501,2.85870998889,10,0.1701329397,2.85225723988,0.000540690800974,0.00645274900231
40507,       (2012 BH86),bK12B86H,0.0889951363075,2.8665308932,11,0.135443868916,2.86006511611,0.0464487326084,0.0064657770868
38979,       (1996 TD9),bJ96T09D,0.141238647514,2.85358416409,11,0.135443868916,2.86006511611,0.00579477859845,0.00648095202362
36946,       (2011 WL2),bK11W02L,0.657031201433,2.85878121043,10,0.1701329397,2.85225723988,0.486898261733,0.00652397055058
40648,       (2012 SG32),bK12S32G,1.22885934805,2.85351275784,11,0.135443868916,2.86006511611,1.09341547914,0.00655235826541
40320,       (2011 EJ47),bK11E47J,0.121405746088,2.85344614116,11,0.135443868916,2.86006511611,0.014038122828,0.00661897494789
32671,       (2008 KC6),bK08K06C,0.181846559496,2.7847650388,9,0.324281927812,2.77813056648,0.142435368316,0.00663447231789
36899,       (2011 SC25),bK11S25C,0.574296906748,2.85895128321,10,0.1701329397,2.85225723988,0.404163967047,0.00669404333023
36100,       (2008 CQ),bK08C00Q,0.217839943028,2.85895293535,10,0.1701329397,2.85225723988,0.0477070033273,0.00669569546747
37898,       (2014 YW34),bK14Y34W,0.110428522778,2.84554974332,10,0.1701329397,2.85225723988,0.0597044169229,0.00670749656331
35981,       (2007 BX48),bK07B48X,0.29715649113,2.84552099323,10,0.1701329397,2.85225723988,0.127023551429,0.00673624664801
36018,       (2007 KV2),bK07K02V,0.4509068415,2.84545833933,10,0.1701329397,2.85225723988,0.2807739018,0.0067989005574
35781,       (2005 GD60),bK05G60D,0.302997987416,2.85909069115,10,0.1701329397,2.85225723988,0.132865047715,0.00683345126637
38526,       (2016 GX2),bK16G02X,0.808346084347,2.85912329867,10,0.1701329397,2.85225723988,0.638213144647,0.00686605878944
38947,455588 (2004 RU331),a0455588,0.99726353838,2.86694591382,11,0.135443868916,2.86006511611,0.861819669464,0.00688079771125
39819,       (2009 EF1),bK09E01F,0.105866757181,2.85312488355,11,0.135443868916,2.86006511611,0.0295771117353,0.00694023255444
39461,       (2006 WB3),bK06W03B,1.17701454958,2.86701017021,11,0.135443868916,2.86006511611,1.04157068066,0.0069450540978
31872,418896 (2009 AK15),a0418896,1.16441884212,2.77116771119,9,0.324281927812,2.77813056648,0.840136914303,0.00696285528359
37700,       (2014 MK27),bK14M27K,0.223419772023,2.8592263856,10,0.1701329397,2.85225723988,0.0532868323229,0.00696914571294
37729,       (2014 QD33),bK14Q33D,0.118660378275,2.84521689301,10,0.1701329397,2.85225723988,0.0514725614253,0.00704034687342
33243,       (2010 YC1),bK10Y01C,0.34456693841,2.77106568291,9,0.324281927812,2.77813056648,0.0202850105981,0.00706488356989
36285,       (2009 BD77),bK09B77D,0.203415415242,2.8593398826,10,0.1701329397,2.85225723988,0.0332824755412,0.00708264271985
38684,163818 (2003 RX7),a0163818,0.254072514452,2.85296085325,11,0.135443868916,2.86006511611,0.118628645536,0.0071042628614
40284,       (2011 CY3),bK11C03Y,0.128785862376,2.85292787015,11,0.135443868916,2.86006511611,0.00665800654011,0.007137245955
39036,       (2000 WL63),bK00W63L,0.314036162015,2.8672250557,11,0.135443868916,2.86006511611,0.178592293099,0.00715993959264
37071,       (2012 FU62),bK12F62U,0.78239347594,2.85950634129,10,0.1701329397,2.85225723988,0.61226053624,0.00724910140678
39082,       (2002 CY58),bK02C58Y,0.103247897056,2.86738110483,11,0.135443868916,2.86006511611,0.0321959718603,0.00731598871942
36137,       (2008 EE85),bK08E85E,0.103059728136,2.84491856746,10,0.1701329397,2.85225723988,0.0670732115642,0.00733867242597
38930,447221 (2005 UO5),a0447221,0.341883853832,2.86741024165,11,0.135443868916,2.86006511611,0.206439984916,0.00734512554445
38986,       (1998 GC1),bJ98G01C,0.150433449191,2.86748172507,11,0.135443868916,2.86006511611,0.0149895802753,0.00741660896465
38531,       (2016 GF134),bK16GD4F,0.138765608702,2.859674857,10,0.1701329397,2.85225723988,0.0313673309988,0.00741761711633
40281,       (2011 BU59),bK11B59U,0.11024159627,2.85262650893,11,0.135443868916,2.86006511611,0.0252022726461,0.00743860717448
39107,       (2002 RS129),bK02RC9S,0.123903102598,2.8675245948,11,0.135443868916,2.86006511611,0.0115407663174,0.00745947868765
38169,       (2015 RV36),bK15R36V,2.82734893049,2.85972724615,10,0.1701329397,2.85225723988,2.65721599079,0.00747000626666
39372,       (2006 BL8),bK06B08L,0.356897592566,2.86755919532,11,0.135443868916,2.86006511611,0.22145372365,0.00749407921348
36986,       (2012 BX1),bK12B01X,0.368553716822,2.85975150194,10,0.1701329397,2.85225723988,0.198420777121,0.00749426205233
37114,       (2012 LG4),bK12L04G,0.338600483172,2.84476221913,10,0.1701329397,2.85225723988,0.168467543472,0.00749502075739
31571, 16834 (1997 WU22),a0016834,0.467060568437,2.77061828001,9,0.324281927812,2.77813056648,0.142778640625,0.00751228646966
35229,260141 (2004 QT24),a0260141,0.210772228404,2.84471169348,10,0.1701329397,2.85225723988,0.0406392887039,0.00754554640345
41908,       (2016 CE32),bK16C32E,0.093554599091,2.86761696538,11,0.135443868916,2.86006511611,0.0418892698248,0.00755184926696
37188,       (2012 UU158),bK12UF8U,0.118669092176,2.84469305603,10,0.1701329397,2.85225723988,0.051463847524,0.00756418385429
36807,       (2011 EE17),bK11E17E,1.35708787436,2.84468360981,10,0.1701329397,2.85225723988,1.18695493466,0.00757363007524
36458,       (2010 AE),bK10A00E,0.188142869048,2.84465357444,10,0.1701329397,2.85225723988,0.018009929348,0.00760366543968
32738,       (2008 WA14),bK08W14A,0.210761953376,2.77047895986,9,0.324281927812,2.77813056648,0.113519974436,0.00765160661957
32463,       (2006 XE2),bK06X02E,0.564072458057,2.78579244385,9,0.324281927812,2.77813056648,0.239790530245,0.00766187737544
37149,       (2012 SJ58),bK12S58J,0.0976967712326,2.86000625146,10,0.1701329397,2.85225723988,0.0724361684679,0.00774901157978
35664,       (2003 UX26),bK03U26X,0.0989988136231,2.86001363684,10,0.1701329397,2.85225723988,0.0711341260773,0.0077563969609
40037,       (2010 GR33),bK10G33R,0.252419970161,2.86783159779,11,0.135443868916,2.86006511611,0.116976101245,0.00776648168215
32581,       (2007 YZ),bK07Y00Z,0.501302715846,2.78591432254,9,0.324281927812,2.77813056648,0.177020788034,0.00778375605933
33415,       (2011 UT20),bK11U20T,0.17546003969,2.78591767189,9,0.324281927812,2.77813056648,0.148821888122,0.00778710541511
41950,       (2016 DX30),bK16D30X,0.111615101088,2.8678719925,11,0.135443868916,2.86006511611,0.0238287678277,0.00780687638777
39922,       (2009 VS),bK09V00S,0.429818920578,2.85225497305,11,0.135443868916,2.86006511611,0.294375051662,0.00781014305804
40146,       (2010 SD),bK10S00D,0.0898076671122,2.86787908436,11,0.135443868916,2.86006511611,0.0456362018036,0.00781396824916
39697,       (2008 SQ7),bK08S07Q,0.886034004966,2.86788322379,11,0.135443868916,2.86006511611,0.75059013605,0.00781810768168
35060,  4581 Asclepius (1989 FC),a0004581,0.21286454521,2.86010156777,10,0.1701329397,2.85225723988,0.04273160551,0.00784432788721
35356,408792 (2000 GF2),a0408792,0.333676895981,2.86012052712,10,0.1701329397,2.85225723988,0.163543956281,0.00786328723365
33809,       (2013 FL9),bK13F09L,0.848249742108,2.7702230645,9,0.324281927812,2.77813056648,0.523967814296,0.00790750197681
36909,       (2011 TJ5),bK11T05J,0.100553653764,2.86019940005,10,0.1701329397,2.85225723988,0.069579285936,0.00794216016525
41583,       (2015 JJ),bK15J00J,1.25263590517,2.86801843216,11,0.135443868916,2.86006511611,1.11719203625,0.0079533160465
35187,164342 (2005 CP),a0164342,0.622908383049,2.84430299395,10,0.1701329397,2.85225723988,0.452775443349,0.00795424593442
38294,       (2015 XT128),bK15XC8T,0.199991160714,2.8602392349,10,0.1701329397,2.85225723988,0.0298582210137,0.00798199501751
39586,       (2007 XA10),bK07X10A,0.347245405345,2.85207128287,11,0.135443868916,2.86006511611,0.211801536429,0.00799383324003
41269,       (2014 SE),bK14S00E,0.240091591206,2.86810026829,11,0.135443868916,2.86006511611,0.10464772229,0.00803515218091
39850,       (2009 JR2),bK09J02R,0.319428075153,2.8681355119,11,0.135443868916,2.86006511611,0.183984206237,0.00807039579189
37135,       (2012 QG49),bK12Q49G,0.115261548965,2.8603407916,10,0.1701329397,2.85225723988,0.0548713907359,0.00808355171439
36287,       (2009 CG),bK09C00G,0.783521797775,2.86036314616,10,0.1701329397,2.85225723988,0.613388858075,0.00810590628021
39374,       (2006 BD55),bK06B55D,0.30032372394,2.86829066679,11,0.135443868916,2.86006511611,0.164879855024,0.0082255506784
37886,       (2014 XO7),bK14X07O,0.17624810521,2.84397713022,10,0.1701329397,2.85225723988,0.00611516550998,0.00828010966785
34371,       (2014 WS365),bK14Wa5S,0.493744764047,2.76981923999,9,0.324281927812,2.77813056648,0.169462836235,0.0083113264926
37597,       (2014 HD124),bK14HC4D,0.179992551258,2.86057511982,10,0.1701329397,2.85225723988,0.00985961155754,0.00831787993362
37983,       (2015 DV215),bK15DL5V,0.128043277948,2.86065517599,10,0.1701329397,2.85225723988,0.0420896617521,0.00839793610352
34245,       (2014 QN433),bK14Qh3N,0.154146615683,2.78662989526,9,0.324281927812,2.77813056648,0.170135312129,0.00849932877971
35472,       (1995 UB),bJ95U00B,0.251862397097,2.84373945096,10,0.1701329397,2.85225723988,0.081729457397,0.00851778892584
39738,       (2008 VM),bK08V00M,0.0902990115053,2.86864672849,11,0.135443868916,2.86006511611,0.0451448574105,0.00858161238378
36290,       (2009 CS1),bK09C01S,0.12449319903,2.86085166809,10,0.1701329397,2.85225723988,0.0456397406703,0.00859442820992
41923,       (2016 CM194),bK16CJ4M,0.111434287169,2.85145826875,11,0.135443868916,2.86006511611,0.0240095817464,0.00860684735768
38790,333707 (2008 YT30),a0333707,0.468848099821,2.86867916625,11,0.135443868916,2.86006511611,0.333404230905,0.00861405014238
38879,417816 (2007 FA),a0417816,0.965155352427,2.86873390758,11,0.135443868916,2.86006511611,0.829711483511,0.00866879147023
42026,       (2016 GV1),bK16G01V,0.105225085912,2.85137977769,11,0.135443868916,2.86006511611,0.0302187830042,0.00868533842204
36812,       (2011 EM40),bK11E40M,0.096488355564,2.8609545692,10,0.1701329397,2.85225723988,0.0736445841365,0.00869732932198
41700,       (2015 TG),bK15T00G,0.613925413573,2.8513661673,11,0.135443868916,2.86006511611,0.478481544657,0.00869894880532
36425,       (2009 WF),bK09W00F,0.288459989226,2.86100497547,10,0.1701329397,2.85225723988,0.118327049526,0.00874773558294
31690,175729 (1998 BB10),a0175729,0.293578232166,2.78689638074,9,0.324281927812,2.77813056648,0.030703695646,0.00876581426111
38516,       (2016 GX),bK16G00X,0.126813367036,2.84344860915,10,0.1701329397,2.85225723988,0.0433195726643,0.00880863073603
38990,       (1998 MW5),bJ98M05W,0.186277562331,2.85123636878,11,0.135443868916,2.86006511611,0.0508336934148,0.00882874732537
35319,367248 (2007 MK13),a0367248,0.839653575084,2.86110141486,10,0.1701329397,2.85225723988,0.669520635384,0.0088441749738
35581,       (2002 EC3),bK02E03C,0.111847466519,2.84341212805,10,0.1701329397,2.85225723988,0.0582854731815,0.00884511183515
41036,       (2014 BR57),bK14B57R,0.0894724427606,2.86891554736,11,0.135443868916,2.86006511611,0.0459714261553,0.0088504312506
35148,152671 (1998 HL3),a0152671,0.138096554912,2.86115322745,10,0.1701329397,2.85225723988,0.0320363847883,0.00889598756517
36000,       (2007 EN26),bK07E26N,0.126713249696,2.8433411919,10,0.1701329397,2.85225723988,0.0434196900044,0.00891604798675
39567,       (2007 VC3),bK07V03C,0.48680781846,2.85113062762,11,0.135443868916,2.86006511611,0.351363949544,0.0089344884906
40804,       (2013 EY27),bK13E27Y,0.21203857572,2.85111340756,11,0.135443868916,2.86006511611,0.0765947068038,0.00895170855355
31754,308041 (2004 TN),a0308041,0.20152500789,2.78708617907,9,0.324281927812,2.77813056648,0.122756919922,0.00895561259334
34777,       (2015 XQ1),bK15X01Q,0.760169315166,2.78719217129,9,0.324281927812,2.77813056648,0.435887387354,0.00906160481365
39054,       (2001 KU66),bK01K66U,0.427950093682,2.86921884528,11,0.135443868916,2.86006511611,0.292506224766,0.00915372917516
38610, 85236 (1993 KH),a0085236,0.156267351094,2.86925620666,11,0.135443868916,2.86006511611,0.0208234821785,0.00919109055057
41473,       (2015 DC155),bK15DF5C,0.201183338007,2.86928037201,11,0.135443868916,2.86006511611,0.0657394690914,0.00921525589919
40969,       (2013 VG13),bK13V13G,0.395702683951,2.85083506049,11,0.135443868916,2.86006511611,0.260258815035,0.00923005562393
37417,       (2013 SK20),bK13S20K,0.103547037536,2.84299733998,10,0.1701329397,2.85225723988,0.0665859021643,0.00925989990538
38044,       (2015 HM1),bK15H01M,1.34276748615,2.86153809149,10,0.1701329397,2.85225723988,1.17263454645,0.00928085160234
41027,       (2014 BR8),bK14B08R,0.249673478911,2.86934646819,11,0.135443868916,2.86006511611,0.114229609996,0.0092813520791
41816,       (2015 XP261),bK15XQ1P,0.36617780367,2.86934966667,11,0.135443868916,2.86006511611,0.230733934754,0.00928455056095
34813,       (2015 XG352),bK15XZ2G,0.364137568005,2.78744735034,9,0.324281927812,2.77813056648,0.0398556401931,0.00931678385888
34330,       (2014 UD176),bK14UH6D,0.14875057044,2.78745851685,9,0.324281927812,2.77813056648,0.175531357372,0.00932795037124
37524,       (2014 BK25),bK14B25K,0.174698147538,2.84290841752,10,0.1701329397,2.85225723988,0.00456520783743,0.00934882235982
36485,       (2010 CN19),bK10C19N,0.859001233506,2.84288899201,10,0.1701329397,2.85225723988,0.688868293805,0.00936824786829
37935,       (2015 BN311),bK15BV1N,0.407451385863,2.86163161951,10,0.1701329397,2.85225723988,0.237318446163,0.00937437962882
38886,420591 (2012 HF31),a0420591,0.132148761493,2.85068853563,11,0.135443868916,2.86006511611,0.0032951074225,0.00937658048413
32791,       (2009 DP4),bK09D04P,0.157620057833,2.78751027597,9,0.324281927812,2.77813056648,0.166661869979,0.00937970948749
41337,       (2014 UL175),bK14UH5L,0.143086072925,2.85067234292,11,0.135443868916,2.86006511611,0.00764220400877,0.00939277319296
40341,       (2011 GW9),bK11G09W,0.0898666093789,2.86948353123,11,0.135443868916,2.86006511611,0.0455772595369,0.0094184151253
34099,       (2014 HD184),bK14HI4D,1.42671695552,2.78754932185,9,0.324281927812,2.77813056648,1.10243502771,0.00941875537448
38312,       (2015 XV261),bK15XQ1V,0.361681166131,2.84283547538,10,0.1701329397,2.85225723988,0.191548226431,0.00942176449937
40593,       (2012 HH20),bK12H20H,0.180744763042,2.85059222948,11,0.135443868916,2.86006511611,0.0453008941263,0.00947288662638
38727,241370 (2008 LW8),a0241370,0.482729401166,2.86957632554,11,0.135443868916,2.86006511611,0.34728553225,0.00951120943367
39779,       (2009 BE),bK09B00E,0.104427481314,2.8505516506,11,0.135443868916,2.86006511611,0.0310163876019,0.00951346550932
38579, 13651 (1997 BR),a0013651,0.591943535941,2.85054611274,11,0.135443868916,2.86006511611,0.456499667025,0.0095190033674
41412,       (2015 AF44),bK15A44F,0.108497585067,2.85053467657,11,0.135443868916,2.86006511611,0.0269462838489,0.00953043953979
41788,       (2015 XZ1),bK15X01Z,0.528258503839,2.85053006146,11,0.135443868916,2.86006511611,0.392814634923,0.00953505464587
37457,       (2013 VQ4),bK13V04Q,0.931782896102,2.86187455654,10,0.1701329397,2.85225723988,0.761649956402,0.00961731666053
40031,       (2010 GL23),bK10G23L,0.227249162452,2.85044278418,11,0.135443868916,2.86006511611,0.0918052935365,0.00962233192809
40830,       (2013 GC55),bK13G55C,0.195290687844,2.86970662006,11,0.135443868916,2.86006511611,0.0598468189281,0.00964150395543
37827,       (2014 UU116),bK14UB6U,0.246852682696,2.84258729753,10,0.1701329397,2.85225723988,0.0767197429959,0.00966994235271
37458,       (2013 VW4),bK13V04W,0.186167882747,2.86195654906,10,0.1701329397,2.85225723988,0.0160349430464,0.00969930918201
39055,       (2001 ND13),bK01N13D,0.384770123462,2.85033943018,11,0.135443868916,2.86006511611,0.249326254546,0.00972568593138
38823,366733 (2004 BG121),a0366733,0.816316373071,2.86984782184,11,0.135443868916,2.86006511611,0.680872504155,0.00978270573013
37140,       (2012 SZ2),bK12S02Z,1.14302400472,2.86204865254,10,0.1701329397,2.85225723988,0.972891065021,0.00979141266038
35930,       (2006 SC),bK06S00C,0.120497867387,2.84246314732,10,0.1701329397,2.85225723988,0.0496350723134,0.00979409255976
38981,       (1997 GK3),bJ97G03K,0.16674521352,2.86991547675,11,0.135443868916,2.86006511611,0.0313013446037,0.00985036063676
39250,       (2004 VB),bK04V00B,0.126900599031,2.85018780784,11,0.135443868916,2.86006511611,0.00854326988446,0.00987730826553
39529,       (2007 NL1),bK07N01L,0.676355133079,2.85017817398,11,0.135443868916,2.86006511611,0.540911264163,0.00988694213355
35806,       (2005 RD34),bK05R34D,1.38068773055,2.84234044061,10,0.1701329397,2.85225723988,1.21055479085,0.00991679927784
41174,       (2014 JW79),bK14J79W,0.116320415713,2.85014798507,11,0.135443868916,2.86006511611,0.0191234532026,0.00991713103899
40808,       (2013 EH89),bK13E89H,0.17940034651,2.85014751087,11,0.135443868916,2.86006511611,0.043956477594,0.00991760524184
36679,       (2010 VR),bK10V00R,1.00551137257,2.86217956722,10,0.1701329397,2.85225723988,0.83537843287,0.0099223273412
39450,       (2006 UE17),bK06U17E,0.128643615474,2.85013982509,11,0.135443868916,2.86006511611,0.00680025344145,0.00992529101633
32329,       (2005 WC),bK05W00C,0.169436262004,2.78809554227,9,0.324281927812,2.77813056648,0.154845665808,0.00996497578934
37399,       (2013 RO9),bK13R09O,0.349692570278,2.86226326123,10,0.1701329397,2.85225723988,0.179559630578,0.0100060213463
39243,       (2004 TP1),bK04T01P,0.102203136242,2.85004730569,11,0.135443868916,2.86006511611,0.0332407326743,0.0100178104187
41188,       (2014 KU76),bK14K76U,0.23167541885,2.87016447822,11,0.135443868916,2.86006511611,0.0962315499339,0.0100993621126
41004,       (2013 YM70),bK13Y70M,0.611787081862,2.87021663537,11,0.135443868916,2.86006511611,0.476343212946,0.0101515192643
31925,450263 (2003 WD158),a0450263,0.299053937983,2.78829135607,9,0.324281927812,2.77813056648,0.0252279898286,0.0101607895929
36143,       (2008 FE5),bK08F05E,0.138008501075,2.8420952697,10,0.1701329397,2.85225723988,0.0321244386253,0.0101619701842
39839,       (2009 HC21),bK09H21C,1.4111397755,2.87023517126,11,0.135443868916,2.86006511611,1.27569590659,0.0101700551467
35642,       (2003 MS2),bK03M02S,0.936666964396,2.86245653775,10,0.1701329397,2.85225723988,0.766534024695,0.0101992978702
41511,       (2015 FK35),bK15F35K,0.0991929637117,2.84985166528,11,0.135443868916,2.86006511611,0.0362509052042,0.010213450834
35233,264993 (2003 DX10),a0264993,0.101215613074,2.86249394388,10,0.1701329397,2.85225723988,0.068917326626,0.0102367040009
35234,265196 (2004 BW58),a0265196,0.451020932556,2.84199718911,10,0.1701329397,2.85225723988,0.280887992855,0.0102600507765
33974,       (2013 WY67),bK13W67Y,0.434987123189,2.76786233937,9,0.324281927812,2.77813056648,0.110705195377,0.0102682271105
40580,       (2012 GC2),bK12G02C,0.393781771554,2.8497705325,11,0.135443868916,2.86006511611,0.258337902638,0.0102945836139
36101,       (2008 CH1),bK08C01H,0.580093882432,2.84194987483,10,0.1701329397,2.85225723988,0.409960942732,0.0103073650573
32008,       (2000 BO19),bK00B19O,0.220617081308,2.76781911939,9,0.324281927812,2.77813056648,0.103664846504,0.0103114470924
39124,       (2002 XQ40),bK02X40Q,0.103657619471,2.8703970654,11,0.135443868916,2.86006511611,0.0317862494451,0.01033194929
38759,303262 (2004 RJ84),a0303262,0.204857748175,2.84968233018,11,0.135443868916,2.86006511611,0.0694138792595,0.0103827859274
40793,       (2013 ET),bK13E00T,0.161619768964,2.84962083159,11,0.135443868916,2.86006511611,0.0261759000478,0.0104442845147
31777,333480 (2004 TC10),a0333480,0.210099481071,2.76766770987,9,0.324281927812,2.77813056648,0.114182446741,0.010462856609
35891,       (2006 EF1),bK06E01F,0.138627026871,2.84177950842,10,0.1701329397,2.85225723988,0.0315059128296,0.0104777314673
35161,162082 (1998 HL1),a0162082,1.49658537383,2.8627855205,10,0.1701329397,2.85225723988,1.32645243413,0.0105282806198
36708,       (2010 WC3),bK10W03C,0.424194205597,2.86282807846,10,0.1701329397,2.85225723988,0.254061265897,0.0105708385751
32281,       (2005 JB22),bK05J22B,0.692205704245,2.78872173212,9,0.324281927812,2.77813056648,0.367923776433,0.0105911656433
35980,       (2007 BD8),bK07B08D,0.0990076316257,2.86287179507,10,0.1701329397,2.85225723988,0.0711253080747,0.0106145551885
35280,332446 (2008 AF4),a0332446,0.179053317245,2.84159012823,10,0.1701329397,2.85225723988,0.0089203775442,0.0106671116549
37967,       (2015 DY53),bK15D53Y,0.142265529587,2.86294062072,10,0.1701329397,2.85225723988,0.0278674101136,0.010683380836
40728,       (2012 XJ112),bK12XB2J,0.0909079791421,2.87076301403,11,0.135443868916,2.86006511611,0.0445358897738,0.0106978979184
36975,       (2012 AW),bK12A00W,0.330046542783,2.86296228886,10,0.1701329397,2.85225723988,0.159913603083,0.0107050489747
36044,       (2007 TL16),bK07T16L,0.105179803646,2.86297003544,10,0.1701329397,2.85225723988,0.0649531360549,0.01071279556
35332,375657 (2009 CP5),a0375657,0.119479589534,2.86303325446,10,0.1701329397,2.85225723988,0.0506533501666,0.0107760145767
35279,331990 (2005 FD),a0331990,0.0984862373212,2.86304048977,10,0.1701329397,2.85225723988,0.0716467023793,0.0107832498909
35384,423709 (2006 BQ6),a0423709,0.155026966247,2.84137991342,10,0.1701329397,2.85225723988,0.0151059734535,0.0108773264639
38554,       (2016 HA),bK16H00A,0.106572794484,2.8413575547,10,0.1701329397,2.85225723988,0.0635601452169,0.0108996851861
41368,       (2014 WC201),bK14WK1C,0.10458098939,2.84914866495,11,0.135443868916,2.86006511611,0.030862879526,0.0109164511582
41033,       (2014 BX32),bK14B32X,0.163645328209,2.84911995285,11,0.135443868916,2.86006511611,0.028201459293,0.0109451632545
40335,       (2011 FR29),bK11F29R,0.168855726489,2.87101079887,11,0.135443868916,2.86006511611,0.0334118575735,0.0109456827642
38200,       (2015 TK21),bK15T21K,0.090438581261,2.86321157779,10,0.1701329397,2.85225723988,0.0796943584395,0.0109543379023
38235,       (2015 VR1),bK15V01R,0.68815869614,2.84128717472,10,0.1701329397,2.85225723988,0.518025756439,0.0109700651604
37704,       (2014 MY67),bK14M67Y,0.113788975506,2.86323120892,10,0.1701329397,2.85225723988,0.0563439641945,0.0109739690415
37773,       (2014 SQ143),bK14SE3Q,0.147636529982,2.86323634318,10,0.1701329397,2.85225723988,0.0224964097188,0.0109791033007
40543,       (2012 ER3),bK12E03R,0.410926109156,2.84908366986,11,0.135443868916,2.86006511611,0.27548224024,0.0109814462449
41671,       (2015 RE36),bK15R36E,0.0852068069991,2.87104756514,11,0.135443868916,2.86006511611,0.0502370619168,0.0109824490312
41677,       (2015 RK82),bK15R82K,0.160513215872,2.84905214358,11,0.135443868916,2.86006511611,0.0250693469564,0.0110129725332
38698,175706 (1996 FG3),a0175706,0.106877449064,2.87110922299,11,0.135443868916,2.86006511611,0.028566419852,0.0110441068814
41407,       (2015 AO43),bK15A43O,0.182671531546,2.87116104738,11,0.135443868916,2.86006511611,0.0472276626297,0.0110959312697
36070,       (2007 VF189),bK07VI9F,0.117662740575,2.84115642761,10,0.1701329397,2.85225723988,0.0524701991257,0.0111008122778
39802,       (2009 DQ4),bK09D04Q,0.673480094029,2.84893638554,11,0.135443868916,2.86006511611,0.538036225114,0.0111287305653
38556,  1620 Geographos (1951 RA),a0001620,0.118625237324,2.84888488701,11,0.135443868916,2.86006511611,0.0168186315914,0.0111802290983
41089,       (2014 GG49),bK14G49G,0.0915522797433,2.87125786554,11,0.135443868916,2.86006511611,0.0438915891725,0.0111927494279
39825,       (2009 FJ1),bK09F01J,0.173898841427,2.84886312256,11,0.135443868916,2.86006511611,0.0384549725108,0.0112019935448
35400,434196 (2003 HG2),a0434196,1.71052565293,2.86346955962,10,0.1701329397,2.85225723988,1.54039271322,0.0112123197413
39425,       (2006 MB14),bK06M14B,0.696579173403,2.87129435429,11,0.135443868916,2.86006511611,0.561135304487,0.0112292381825
38595, 53550 (2000 BF19),a0053550,0.113210211263,2.87131541739,11,0.135443868916,2.86006511611,0.0222336576531,0.0112503012817
35522,       (2000 RE52),bK00R52E,0.175025366163,2.84097292785,10,0.1701329397,2.85225723988,0.00489242646283,0.0112843120361
39918,       (2009 UU87),bK09U87U,0.707521147055,2.87136183582,11,0.135443868916,2.86006511611,0.57207727814,0.0112967197104
37755,       (2014 RJ),bK14R00J,1.78647449405,2.86355890608,10,0.1701329397,2.85225723988,1.61634155435,0.0113016661945
40927,       (2013 SG25),bK13S25G,0.678641485314,2.87140651307,11,0.135443868916,2.86006511611,0.543197616398,0.0113413969614
36850,       (2011 HC36),bK11H36C,0.522402485588,2.86362106412,10,0.1701329397,2.85225723988,0.352269545888,0.0113638242414
36801,       (2011 EW4),bK11E04W,0.102564490613,2.86363073418,10,0.1701329397,2.85225723988,0.0675684490877,0.0113734943008
36212,       (2008 TP26),bK08T26P,0.132905944516,2.86363685645,10,0.1701329397,2.85225723988,0.0372269951843,0.0113796165672
35625,       (2003 AB23),bK03A23B,0.252585312509,2.84080186792,10,0.1701329397,2.85225723988,0.0824523728089,0.0114553719629
37008,       (2012 CO36),bK12C36O,0.140636310982,2.86371299851,10,0.1701329397,2.85225723988,0.0294966287189,0.0114557586246
40202,       (2010 VJ139),bK10VD9J,0.171202545578,2.8715238273,11,0.135443868916,2.86006511611,0.0357586766621,0.0114587111882
35066,  7350 (1993 VA),a0007350,0.223041410759,2.8637457817,10,0.1701329397,2.85225723988,0.052908471059,0.0114885418133
35895,       (2006 FW),bK06F00W,0.573338600392,2.84070853415,10,0.1701329397,2.85225723988,0.403205660691,0.0115487057303
41185,       (2014 KZ45),bK14K45Z,0.337286588406,2.84851112868,11,0.135443868916,2.86006511611,0.20184271949,0.011553987434
32503,       (2007 GF),bK07G00F,0.370634518041,2.76656103959,9,0.324281927812,2.77813056648,0.0463525902292,0.0115695268898
40142,       (2010 RA91),bK10R91A,0.18517155011,2.87170797455,11,0.135443868916,2.86006511611,0.0497276811942,0.0116428584362
36803,       (2011 EO11),bK11E11O,0.110098061366,2.86390912936,10,0.1701329397,2.85225723988,0.0600348783346,0.0116518894729
39156,       (2003 QW30),bK03Q30W,0.576862736989,2.84839172066,11,0.135443868916,2.86006511611,0.441418868073,0.0116733954508
39359,       (2006 AS3),bK06A03S,0.187438480856,2.87176829604,11,0.135443868916,2.86006511611,0.0519946119398,0.0117031799267
38450,       (2016 EG1),bK16E01G,0.131358309412,2.84054716281,10,0.1701329397,2.85225723988,0.0387746302889,0.0117100770731
37109,       (2012 KF47),bK12K47F,0.588660094764,2.84053784559,10,0.1701329397,2.85225723988,0.418527155063,0.0117193942975
38582, 17511 (1992 QN),a0017511,0.132961071128,2.84832359266,11,0.135443868916,2.86006511611,0.00248279778825,0.0117415234497
35204,194006 (2001 SG10),a0194006,0.132131321298,2.86400841609,10,0.1701329397,2.85225723988,0.0380016184021,0.0117511762083
40315,       (2011 EV29),bK11E29V,0.0901408935597,2.87189772992,11,0.135443868916,2.86006511611,0.0453029753562,0.01183261381
35439,454100 (2013 BO73),a0454100,0.105552815285,2.84038269486,10,0.1701329397,2.85225723988,0.0645801244158,0.0118745450199
38994,       (1998 UY24),bJ98U24Y,0.157993771998,2.84817809593,11,0.135443868916,2.86006511611,0.022549903082,0.0118870201761
38880,418135 (2008 AG33),a0418135,0.204979981133,2.87195247569,11,0.135443868916,2.86006511611,0.0695361122176,0.0118873595761
36258,       (2008 XB1),bK08X01B,0.212083322395,2.84036112293,10,0.1701329397,2.85225723988,0.0419503826941,0.0118961169541
41608,       (2015 KX121),bK15KC1X,0.754697016784,2.87197296593,11,0.135443868916,2.86006511611,0.619253147868,0.0119078498165
42048,       (2016 GQ220),bK16GM0Q,0.114879696452,2.87197758264,11,0.135443868916,2.86006511611,0.0205641724638,0.0119124665297
33986,       (2013 YD),bK13Y00D,0.207277734416,2.79009609957,9,0.324281927812,2.77813056648,0.117004193396,0.0119655330961
37423,       (2013 TG),bK13T00G,0.0963564065767,2.86422482544,10,0.1701329397,2.85225723988,0.0737765331238,0.0119675855612
39658,       (2008 GY21),bK08G21Y,0.127566897494,2.84809580406,11,0.135443868916,2.86006511611,0.00787697142198,0.0119693120507
39923,       (2009 VT),bK09V00T,0.107712776384,2.87203983148,11,0.135443868916,2.86006511611,0.0277310925316,0.0119747153727
38377,       (2016 AN165),bK16AG5N,0.220863642229,2.86426024852,10,0.1701329397,2.85225723988,0.0507307025287,0.0120030086378
39042,       (2001 BB40),bK01B40B,0.642920226092,2.87210529785,11,0.135443868916,2.86006511611,0.507476357176,0.0120401817373
35355,405762 (2005 YO180),a0405762,0.107644795795,2.84021296388,10,0.1701329397,2.85225723988,0.0624881439056,0.012044276003
39194,       (2004 FA5),bK04F05A,0.866009660835,2.87214560416,11,0.135443868916,2.86006511611,0.730565791919,0.0120804880458
35543,       (2001 FC58),bK01F58C,0.284359561918,2.86435291192,10,0.1701329397,2.85225723988,0.114226622218,0.0120956720347
39594,       (2007 YN56),bK07Y56N,0.276936816139,2.8478304056,11,0.135443868916,2.86006511611,0.141492947223,0.01223471051
41388,       (2014 WO371),bK14Wb1O,0.160466562733,2.84768383139,11,0.135443868916,2.86006511611,0.0250226938176,0.0123812847147
41213,       (2014 NA39),bK14N39A,0.599121683793,2.84765175839,11,0.135443868916,2.86006511611,0.463677814877,0.0124133577179
37259,       (2013 BE27),bK13B27E,0.206004016751,2.83983302588,10,0.1701329397,2.85225723988,0.0358710770506,0.0124242140033
37134,       (2012 QG42),bK12Q42G,0.143700911289,2.83980158047,10,0.1701329397,2.85225723988,0.0264320284118,0.0124556594132
35288,334673 (2003 AL18),a0334673,0.145829996769,2.86478626098,10,0.1701329397,2.85225723988,0.0243029429313,0.0125290210934
37478,       (2013 WP67),bK13W67P,0.663012426941,2.86478890031,10,0.1701329397,2.85225723988,0.492879487241,0.0125316604221
40136,       (2010 RK64),bK10R64K,0.124123526703,2.8726185192,11,0.135443868916,2.86006511611,0.0113203422133,0.0125534030934
38066,       (2015 HB177),bK15HH7B,0.119797350157,2.86482399184,10,0.1701329397,2.85225723988,0.0503355895433,0.0125667519614
38701,185851 (2000 DP107),a0185851,0.0897438220031,2.87263836123,11,0.135443868916,2.86006511611,0.0457000469127,0.0125732451168
38008,       (2015 FN35),bK15F35N,0.238191883111,2.83965843528,10,0.1701329397,2.85225723988,0.068058943411,0.0125988045984
39827,       (2009 FZ4),bK09F04Z,0.0991571343429,2.84741960732,11,0.135443868916,2.86006511611,0.036286734573,0.0126455087938
41019,       (2014 AJ51),bK14A51J,0.702589719322,2.87272385027,11,0.135443868916,2.86006511611,0.567145850406,0.0126587341614
38421,       (2016 CM195),bK16CJ5M,0.230373347021,2.83958211381,10,0.1701329397,2.85225723988,0.0602404073208,0.012675126076
38002,       (2015 FN34),bK15F34N,0.395489358243,2.86493896219,10,0.1701329397,2.85225723988,0.225356418542,0.0126817223051
35652,       (2003 QR79),bK03Q79R,0.153660085507,2.83955226676,10,0.1701329397,2.85225723988,0.0164728541936,0.0127049731189
38854,399308 (1993 GD),a0399308,1.23822667434,2.87278770015,11,0.135443868916,2.86006511611,1.10278280543,0.0127225840419
37044,       (2012 EN10),bK12E10N,0.394293428755,2.8650079153,10,0.1701329397,2.85225723988,0.224160489055,0.0127506754132
35165,162181 (1999 LF6),a0162181,1.08628780531,2.86504318591,10,0.1701329397,2.85225723988,0.916154865605,0.0127859460286
40441,       (2011 UY275),bK11UR5Y,0.266717249032,2.87285832684,11,0.135443868916,2.86006511611,0.131273380116,0.0127932107327
35071, 10115 (1992 SK),a0010115,0.141246656968,2.8394434637,10,0.1701329397,2.85225723988,0.0288862827323,0.0128137761868
41988,       (2016 FB),bK16F00B,0.217075827703,2.87290974839,11,0.135443868916,2.86006511611,0.0816319587869,0.0128446322847
37251,       (2013 BV2),bK13B02V,0.139019717619,2.83936927106,10,0.1701329397,2.85225723988,0.0311132220814,0.0128879688269
36813,       (2011 EP40),bK11E40P,1.50396832034,2.83936705995,10,0.1701329397,2.85225723988,1.33383538063,0.0128901799287
